{
  "project_info": {
    "project_number": "1010744390628",
    "project_id": "food-manage-3c4e3",
    "storage_bucket": "food-manage-3c4e3.appspot.com"
  },
  "client": [
    {
      "client_info": {
        "mobilesdk_app_id": "1:1010744390628:android:24f7f4050304cc4ece4df1",
        "android_client_info": {
          "package_name": "com.example.food_manage"
        }
      },
      "oauth_client": [],
      "api_key": [
        {
          "current_key": "AIzaSyCQTN0V_ZnwsqGOEwQ8zCHlLQ9sHtOr-uY"
        }
      ],
      "services": {
        "appinvite_service": {
          "other_platform_oauth_client": []
        }
      }
    }
  ],
  "configuration_version": "1"
}